0,1,2,3,4,5,6,7,8,9,10,11
0,"Italy failed to qualify for the 2003 Women 's World Cup , which begins on Sept. 20 with doubleheaders in Philadelphia and Columbus , Ohio .",no_relation,World Cup,Philadelphia,MISC,LOC,0-1,0-2," , which begins on Sept. 20 with doubleheaders in ",6,"[10, 13, 17, 18, 19, 24, 20]"
1,"Mr. Klaassen is on both the Chamber of Commerce 's board and that of its research arm , the National Chamber Foundation .",no_relation,Mr. Klaassen,Chamber of Commerce,PER,ORG,1-1,1-2, is on both the ,6,"[1, 2, 3, 10, 6, 7, 8]"
2,"David Chase , '' The Sopranos : Pilot , '' HBO",no_relation,David Chase,HBO,PER,ORG,2-1,2-2," , '' The Sopranos : Pilot , '' ",1,"[1, 10]"
3,"Over all , blue America subsidizes red America to the tune of $ 90 billion or so each year .",subsidizes,America,America,LOC,LOC,3-1,3-2,,0,[4]
4,"Ryan Toews , 24 , single , a driver in the Tennessee National Guard 's 1174th Transportation Company in Dresden , asked , '' Heard of the Mennonites ? ''",no_relation,Tennessee National Guard,Dresden,ORG,LOC,4-1,4-2, 's 1174th Transportation Company in ,3,"[13, 17, 18, 19]"
5,"'' If Orrin Hatch came in third place in the Iowa caucuses , that would be bigger news that George Bush winning , '' said James Camp , Mr. Hatch 's national political director .",no_relation,Iowa,George Bush,LOC,PER,5-1,5-2," caucuses , that would be bigger news that ",9,"[10, 11, 8, 7, 5, 4, 15, 17, 21, 20]"
6,"The Rev. F. Wayne Weiss performed the ceremony at Covenant Presbyterian Church in Upper Arlington , Ohio .",no_relation,Upper Arlington,Ohio,LOC,LOC,6-1,6-2," , ",1,"[14, 16]"
7,"Singapore will not charge the Pentagon for the additional use of its territory , officials said , but the United States will train Singaporean military personnel as compensation .",train military personnel,United States,Singaporean,LOC,LOC,7-1,7-2, will train ,3,"[20, 22, 25, 23]"
8,"\* Poughkeepsie Savings Bank , Poughkeepsie , N.Y. , named Christoph Schmidt president , replacing Michael Feeks , who resigned .",no_relation,N.Y.,Christoph Schmidt,LOC,PER,8-1,8-2," , named ",5,"[8, 6, 4, 10, 13, 12]"
9,"This week 's final between Spain and Australia in a 14,000-seat arena in Barcelona , Spain , is sold out .",no_relation,Spain,Barcelona,MISC,LOC,9-1,9-2," and Australia in a 14,000-seat arena in ",6,"[5, 4, 3, 8, 11, 12, 13]"
10,"Paul Windels , Jr. , Chairman Board of Trustees Joan G. Wexler , Dean",no_relation,Paul Windels,Jr.,PER,PER,10-1,10-2," , ",1,"[1, 3]"
11,"But Comstock , convinced that he was chosen by God to fight sin , will eventually force the hounded Sanger to leave her family and flee to London .",no_relation,God,Sanger,MISC,PER,11-1,11-2," to fight sin , will eventually force the hounded ",5,"[9, 8, 7, 3, 16, 19]"
13,The game quickly spread to Texas and New Orleans and rode the riverboats up the Mississippi River and to New York .,no_relation,New Orleans,Mississippi River,LOC,LOC,13-1,13-2, and rode the riverboats up the ,6,"[8, 5, 4, 3, 10, 13, 16]"
14,"`` It was the best weekend of my life , '' said Mike Pugliese , 21 , of the Bronx .",no_relation,Mike Pugliese,Bronx,PER,LOC,14-1,14-2," , 21 , of the ",2,"[14, 18, 20]"
15,"But Coach Pat Riley , while stopping well short of predicting a championship , made it clear on the eve of Friday 's season opener in Atlanta that he expected the Knicks to mesh quickly , seven new players or not .",no_relation,Atlanta,Knicks,LOC,MISC,15-1,15-2, that he expected the ,9,"[26, 25, 24, 20, 19, 17, 16, 29, 33, 31]"
16,"But they will also see the work of the woman who inspired Mr. Martin 's tale in the first place : the artist Allyson Hollingsworth , who created the photographs and drawings attributed to Ms. Danes 's character , Mirabelle Buttersfield , and who also served as a consultant on the film .",no_relation,Ms. Danes,Mirabelle Buttersfield,PER,PER,16-1,16-2," 's character , ",2,"[35, 37, 40]"
17,But he fully supported deployment of American warships in the Persian Gulf and lobbied Congress on behalf of the Nicaraguan rebels .,no_relation,American,Congress,LOC,MISC,17-1,17-2, warships in the Persian Gulf and lobbied ,6,"[6, 7, 5, 4, 3, 13, 14]"
18,"`` The pattern is pretty much the same across the nation , '' said Kris Knapton , a spokesman for Metra , a commuter rail  service in northeastern Illinois .",commuter rail service,Metra,Illinois,MISC,ORG,18-1,18-2," , a commuter rail  service in northeastern ",3,"[21, 27, 28, 30]"
19,"Elizabeth Tarleton Cowen , the daughter of Julia Parker Bell and Peter Donnelly Cowen , both of Newton , Mass. , was married yesterday to Peter Dierks Sutherland , the son of Cindy and Dwight Dierks Sutherland Jr. of Mission Hills , Kan.",no_relation,Dwight Dierks Sutherland Jr.,Kan.,PER,MISC,19-1,19-2," of Mission Hills , ",5,"[37, 32, 38, 40, 41, 42]"
20,"Calls for democratic safeguards against Beijing have grown in Hong Kong since June 1989 , when China used troops to crush its own pro-democracy movement .",no_relation,Hong Kong,China,LOC,NONE,20-1,20-2," since June 1989 , when ",6,"[10, 8, 7, 11, 12, 17, 16]"
21,A report released earlier this year by the David and Lucile Packard Foundation 's Center for the Future of Children emphasized the long-term educational and economic gains of good early-childhood programs .,no_relation,Lucile Packard Foundation,Future of Children,ORG,MISC,21-1,21-2, 's Center for the ,5,"[12, 14, 15, 17, 18, 19]"
22,"Sheldon Silver , the Assembly speaker , said today that there would be no state budget this year until the Pataki administration commits to building the Second Avenue subway the full length of Manhattan , and to a big increase in the state 's contribution to the project 's cost .",no_relation,Second Avenue,Manhattan,MISC,PER,22-1,22-2, subway the full length of ,5,"[27, 28, 24, 31, 32, 33]"
23,"Mr. Zhou 's comments represent a potentially important shift in Beijing 's approach to the talks , which China has sought to keep afloat despite scant evidence of progress .",no_relation,Mr. Zhou,Beijing,PER,NONE,23-1,23-2, 's comments represent a potentially important shift in ,6,"[1, 3, 4, 8, 9, 12, 10]"
24,"And because Glasgow is compact and well served by public transport , Thomson 's most important buildings are easily visited on your own in three excursions , ideally spread out over two days : in the city center between Sauchiehall and Argyle Streets ; in the Victorian suburbs south of the Clyde , and on the terraces along the Great Western Road .",no_relation,Victorian,Clyde,PER,LOC,24-1,24-2, suburbs south of the ,4,"[46, 47, 48, 49, 51]"
25,"Judge Duffy and Judge Roberts also affirmed the convictions for the deaths of Laertes , Rosencrantz and Guildenstern .",affirmed convictions affirmed convictions,Judge Duffy,Judge Roberts,PER,PER,25-1,25-2, and ,1,"[1, 4]"
26,"Carol O'Cleireacain , a senior fellow at the Brookings Institution , is former budget director for New York City .",senior fellow,Carol O'Cleireacain,Brookings Institution,PER,ORG,26-1,26-2," , a senior fellow at the ",3,"[1, 5, 6, 9]"
27,"Amy Elizabeth Brownfeld , a daughter of Mr. and Mrs. Fred Brownfeld of Paradise Valley , Ariz. , was married in Phoenix last evening to David Timmins Fannon , a son of Mr. and Mrs. William F. Fannon of Upper Montclair , N.J. , and Sanibel , Fla. .",no_relation,Mrs. Fred Brownfeld,Phoenix,PER,LOC,27-1,27-2," of Paradise Valley , Ariz. , was married in ",7,"[11, 6, 5, 2, 18, 19, 20, 21]"
28,"At the veterans hospital in Wilmington , a spokeswoman , Barbara Howell , said Dr. Durakovic 's employment ended because '' we did not need a full-time nuclear medicine physician . ''",no_relation,Wilmington,Barbara Howell,LOC,PER,28-1,28-2," , a spokeswoman , ",2,"[5, 8, 11]"
29,"National League HOUSTON ASTROS -- Assigned RHP Kirk Saarloos , RHP Miguel Saladin , RHP Jonathan Johnson , RHP Anthony Telford , and LHP Ken Vining to New Orleans of the PCL .",no_relation,RHP Miguel Saladin,RHP Jonathan Johnson,PER,PER,29-1,29-2," , ",1,"[12, 16]"
30,"In 1998 , The Boston Globe featured Dr. Abuzzahab in a front-page article questioning the safety of psychiatric drug experiments .",featured,Boston Globe,Dr. Abuzzahab,ORG,PER,30-1,30-2, featured ,2,"[5, 6, 8]"
31,"Burial today at the Jewish Community Cemetery , Berlin , Germany .",no_relation,Jewish Community Cemetery,"Berlin , Germany",ORG,LOC,31-1,31-2," , ",2,"[6, 8, 10]"
32,"Susan Watkins Rausen , a daughter of Dr. and Mrs. Aaron R. Rausen of New York , was married yesterday to Alfred Herman Ahrens Drewes , the son of Marjorie E. Morgan of Englewood , N.J. , and the late Alfred H. Drewes .",no_relation,New York,Alfred Herman Ahrens Drewes,PER,PER,32-1,32-2," , was married yesterday to ",8,"[15, 13, 12, 6, 5, 2, 18, 20, 24]"
33,Blake 's opening match against Nadal will take place Monday .,match,Blake,Nadal,PER,PER,33-1,33-2, 's opening match against ,3,"[0, 3, 4, 5]"
34,"Another character , the Robber Daughter , and her mother plot to `` kill '' Gerda -LRB- a light moment with dark undertones , which may make some children shudder -RRB- .",no_relation,Robber Daughter,Gerda,PER,PER,34-1,34-2," , and her mother plot to `` kill '' ",3,"[5, 1, 14, 16]"
35,Katie and Dee Dee and Rashidat and Myia and Brittany and Heather .,no_relation,Rashidat,Heather,ORG,PER,35-1,35-2, and Myia and Brittany and ,3,"[5, 7, 9, 11]"
36,"And there are his clients Timmy and Mark Rothko -LRB- who got his name when he shoved a classmate into a painting by the real Mark Rothko at the Metropolitan Museum of Art -RRB- , two would-be Eminems who like to dress and talk black .",no_relation,Timmy,Mark Rothko,MISC,PER,36-1,36-2, and ,1,"[5, 8]"
37,"LEAD : George E. Shibley , a lawyer who represented Sirhan Sirhan in appeals of his conviction for the assassination of Robert F. Kennedy , died Tuesday .",no_relation,Sirhan Sirhan,Robert F. Kennedy,PER,MISC,37-1,37-2, in appeals of his conviction for the assassination of ,9,"[11, 9, 12, 13, 14, 16, 17, 19, 20, 23]"
38,"If Glazer is sitting in Florida , wondering about the ferocious hostility in Manchester , he would do well to review this history .",sitting,Glazer,Florida,PER,LOC,38-1,38-2, is sitting in ,3,"[1, 3, 4, 5]"
39,"Barry Rothfuss of Peekskill , a hardware-store manager , is running against the Republican incumbent , Timothy S. Carey of Peekskill .",no_relation,Timothy S. Carey,Peekskill,PER,ORG,39-1,39-2,,4,"[20, 12, 1, 2, 3]"
40,"But it is likely to add fuel to a continuing debate in Congress over whether the services , particularly the Air Force and Army , are being overused overseas , as Mr. Bush often asserted in last year 's campaign .",no_relation,Congress,Air Force and Army,MISC,ORG,40-1,40-2," over whether the services , particularly the ",7,"[12, 11, 10, 13, 27, 16, 21, 23]"
41,"Op-Ed Contributor Harold Schechter , a professor of English at Queens College , is the author of the forthcoming book '' The Devil 's Gentleman : Privilege , Power , and the Trial that Ushered in the Twentieth Century . ''",no_relation,Gentleman,Power,MISC,NONE,41-1,41-2," : Privilege , ",2,"[26, 28, 30]"
42,"Finally , St. John 's will get immediate help from its incoming freshmen , especially from the McDonald 's all-American Elijah Ingram and forward Tim Doyle .",no_relation,all-American,Elijah Ingram,MISC,PER,42-1,42-2, ,1,"[21, 23]"
43,"`` Frankly , '' said Nelson C. Garcia , who is president of the House Legislative Assistants Association and an aide to Representative Ken Calvert , Republican of California , `` as long as there is a Republican environment up here , the likelihood of unions here is pretty small . ''",no_relation,House Legislative Assistants Association,Ken Calvert,ORG,PER,43-1,43-2, and an aide to Representative ,5,"[18, 13, 12, 21, 22, 25]"
44,"The problem occurred when a pipe carrying drinking water was mistakenly connected to a system carrying unchlorinated well water used in industrial operations , Becky Apter , a spokeswoman for the Westinghouse Savannah River Company , the Westinghouse Electric subsidiary that operates the plant for the Federal Government , said Tuesday .",no_relation,Becky Apter,Westinghouse Savannah River Company,PER,ORG,44-1,44-2," , a spokeswoman for the ",3,"[25, 28, 29, 34]"
45,"'' We ourselves are less observant Jews , but we are still very culturally Jewish , '' Mr. Steingart of Jewcy said .",no_relation,Jews,Jewish,MISC,MISC,45-1,45-2," , but we are still very culturally ",3,"[6, 3, 10, 14]"
46,"In BIRD , KANSAS -LRB- Avon , $ 8.95 -RRB- , Tony Parker , a British writer , studies the inhabitants of a small Midwestern town .",writer,Tony Parker,British,PER,LOC,46-1,46-2," , a ",2,"[12, 16, 15]"
47,"Dominique Portet came to Australia by way of Bordeaux , where his father was technical director of Chateau Lafite-Rothschild , and California , where his brother Bernard runs Clos du Val in the Napa Valley .",no_relation,California,Bernard,LOC,MISC,47-1,47-2," , where his brother ",3,"[23, 29, 27, 28]"
48,"Her mother is the executive vice president of Orchard Management , a mango grower and distributor in Santa Isabel , P.R.",no_relation,Orchard Management,Santa Isabel,MISC,LOC,48-1,48-2," , a mango grower and distributor in ",3,"[9, 13, 16, 18]"
49,"Shiva will be observed at 18-75 Corporal Kennedy Street , Apt .",observed,Shiva,Corporal Kennedy Street,MISC,ORG,49-1,49-2, will be observed at 18-75 ,3,"[0, 3, 4, 10]"
50,"It has included celebrity interviews and bylined stories -LRB- Cyndi Lauper , the singer , expresses a desire to experience motherhood , whether or not she gets married ; John Vanbiesbrouck , the Rangers goalie , who is married , extols the virtues of fatherhood -RRB- , poetry and prose by homeless people -LRB- Unlike the other contributors , they are paid $ 50 for each published contribution -RRB- and articles by real-estate executives .",no_relation,John Vanbiesbrouck,Rangers,PER,MISC,50-1,50-2," , the ",2,"[30, 34, 33]"
51,"Ms. Sena said she asked the Parks Department to round up the dogs shortly after her dog was attacked , but got no response .",no_relation,Ms. Sena,Parks Department,PER,ORG,51-1,51-2, said she asked the ,3,"[1, 2, 4, 7]"
53,"NATO troops , in moves that have antagonized many Serbs , have seized police stations in towns in the western part of Serbian-controlled Bosnia and installed police officers who have pledged loyalty to Ms. Plavsic .",no_relation,NATO,Serbs,ORG,LOC,53-1,53-2," troops , in moves that have antagonized many ",5,"[0, 1, 3, 4, 7, 9]"
54,Holyfield holds the W.B.A. and International Boxing Federation titles .,holds titles,Holyfield,International Boxing Federation,PER,ORG,54-1,54-2, holds the W.B.A. and ,4,"[0, 1, 8, 3, 7]"
55,"Mark Bartelstein , Grant 's agent , has been pushing for that deal , and the Knicks spoke with him yesterday after learning that Grant had balked at going to Cleveland .",no_relation,Mark Bartelstein,Grant,PER,PER,55-1,55-2," , ",2,"[1, 5, 3]"
56,"Expelled at the Burmese border , he immediately returned to Bangkok .",no_relation,Burmese,Bangkok,LOC,LOC,56-1,56-2," border , he immediately returned to ",6,"[3, 4, 1, 0, 8, 9, 10]"
57,"For the next two weeks , New York has something it may never have again : a small , unpretentious single-artist museum devoted to the achievements of the Minimalist sculptor Donald Judd .",no_relation,Minimalist,Donald Judd,MISC,PER,57-1,57-2, sculptor ,2,"[30, 31, 33]"
58,The White House is spinning this week 's meeting between President Bush and the Congressional Black Caucus as proof that Mr. Bush is mending fences with a black electorate that is still seething over the election irregularities in Florida .,no_relation,Congressional Black Caucus,Mr. Bush,ORG,PER,58-1,58-2, as proof that ,8,"[16, 11, 9, 8, 4, 17, 18, 23, 21]"
59,"TRACK Reynolds and Morceli Gain Victories Butch Reynolds , the world 400-meter record-holder who failed to make the Olympic team after a protracted legal battle with the International Amateur Athletic Federation left him exhausted at the United States trials , continued his strong showing in the indoor season by winning his second 400 in three days yesterday at the Mobil 1 Invitational in Fairfax , Va.",no_relation,Invitational,Va.,MISC,LOC,59-1,59-2," in Fairfax , ",4,"[63, 64, 65, 66, 67]"
60,"The United States and several of its allies on Monday asked the United Nations Secretary General , Javier Perez de Cuellar , to send a team to Iraq and Turkey to investigate the charges .",no_relation,United States,United Nations,LOC,ORG,60-1,60-2, and several of its allies on Monday asked the ,3,"[2, 10, 15, 13]"
61,"In 1976 , the New York City Ballet dancer Jacques d'Amboise began exposing New York City children to dance as one activity that could help keep them off the streets .",no_relation,New York City Ballet,New York City,MISC,PER,61-1,61-2,,1,"[7, 6]"
62,"'' Betsy knew we were going to put out this guide , '' Mr. Klein said , standing beside Mayor Michael R. Bloomberg at Public School 49 in Middle Village , Queens .",no_relation,Michael R. Bloomberg,"Middle Village , Queens",PER,LOC,62-1,62-2, at Public School 49 in ,5,"[22, 18, 17, 27, 29, 31]"
63,"Mr. Lee is survived by his wife , Ellen Griffin Lee ; two daughters , Sarah A. Lee and Tara Lee Croke ; and a son , David Lee .",no_relation,Sarah A. Lee,Tara Lee Croke,PER,PER,63-1,63-2, and ,1,"[17, 21]"
64,"In addition to the Round Valley , they are the Oradell in Bergen County , the Wanaque in Passaic County , the Boonton and Charlottesburg in Morris County , the Manasquan , the Glendola , and the Swimming River in Monmouth County , and the Doughty , in Atlantic County .",no_relation,Monmouth County,Doughty,LOC,PER,64-1,64-2," , and the ",3,"[41, 39, 38, 45]"
65,"Ranit Schmelzer , a spokeswoman for Mr. Daschle , said that the Democrats would insist on enforcing the `` two-hour rule '' -- a parliamentary device that allows them to limit the hearings to two hours whenever the Senate is in session .",spokeswoman,Ranit Schmelzer,Mr. Daschle,PER,PER,65-1,65-2," , a spokeswoman for ",3,"[1, 4, 5, 7]"
66,Analyses by researchers at the University of Nijmegen in the Netherlands and at the University of Cincinnati have shown that in women in their 40 's breast cancer typically progresses twice as fast as in older women from a microscopic lesion detectable only by mammography to a tumor large enough to be felt by an examining hand .,no_relation,University of Nijmegen,University of Cincinnati,ORG,ORG,66-1,66-2, in the Netherlands and at the ,7,"[7, 6, 5, 8, 12, 14, 15, 16]"
67,"In 1982 , delivery of cluster-bomb shells to Israel was suspended a month after Israel invaded Lebanon after the Reagan administration determined that Israel '' may '' have used them against civilian areas .",no_relation,Israel,Reagan,LOC,PER,67-1,67-2, was suspended a month after Israel invaded Lebanon after the ,8,"[10, 9, 8, 4, 3, 12, 23, 22, 21]"
68,"Apparently Mr. Coster had heard DEAN ANTHONY , an announcer on WHLI-AM , an easy-listening station on Long Island , say that Ms. Villante has turned her nine-day run at Arci 's into a benefit for the Long Island Radio Relief Fund to help victims ' families .",no_relation,DEAN ANTHONY,WHLI-AM,PER,ORG,68-1,68-2," , an announcer on ",3,"[6, 9, 10, 13]"
69,"Mr. Chretien said that the United States had not made any formal request for Canadian participation in the missile defense system : '' We believe , at the moment , the question is more hypothetical because of the problems the Americans have had on technology .",no_relation,United States,Canadian,LOC,LOC,69-1,69-2, had not made any formal request for ,5,"[6, 9, 12, 13, 15, 14]"
70,"Seven days later in Chicago , Catherine Ndereba of Kenya ran faster : 2:18:47 .",no_relation,Chicago,Kenya,LOC,LOC,70-1,70-2," , Catherine Ndereba of ",6,"[4, 3, 2, 10, 7, 8, 9]"
71,"Muhammad pointed to his son , Zidan , 3 . ''",no_relation,Muhammad,Zidan,PER,PER,71-1,71-2," pointed to his son , ",4,"[0, 1, 2, 4, 6]"
72,"When Kevin Parry , the financial backer for Australia 's Taskforce '87 syndicate , first became involved with the America 's Cup , he set out to find a name for his yacht .",no_relation,America,Cup,LOC,MISC,72-1,72-2, 's ,1,"[20, 22]"
73,"Max may be a purist about American studies , but he does n't seem to mind uttering banal dialogue .",no_relation,Max,American,PER,LOC,73-1,73-2, may be a purist about ,5,"[0, 2, 4, 5, 7, 6]"
74,"NO. 17 Directed by David Ofek ; in Hebrew , with English subtitles ; director of photography , Ron Rotem ; edited by Arik Lahav-Leibovitz ; music by Ophir Leibovitch ; produced by Edna and Elinor Kowarsky .",no_relation,Hebrew,English,MISC,LOC,74-1,74-2," , with ",4,"[9, 8, 11, 13, 12]"
76,She graduated from St. Lawrence University and received her law degree from the American University .,no_relation,St. Lawrence University,American University,ORG,ORG,76-1,76-2, and received her law degree from the ,5,"[5, 2, 1, 7, 11, 14]"
77,"But after a late caution flag , strategy cost Newman as he stayed on the track with worn tires and was passed by the Ford driver Greg Biffle of the Roush Racing team and others .",no_relation,Ford,Greg Biffle,MISC,PER,77-1,77-2, driver ,2,"[24, 25, 27]"
78,"Spiritualism itself had been born only three decades earlier , in Hydesville , N.Y. , near Rochester .",no_relation,Hydesville,N.Y.,LOC,LOC,78-1,78-2," , ",1,"[11, 13]"
79,The commanders insisted that this did not amount to an expansion of the special zone created last month to protect Kurdish refugees returning to northern Iraq .,no_relation,Kurdish,Iraq,LOC,LOC,79-1,79-2, refugees returning to northern ,5,"[20, 21, 19, 22, 23, 25]"
80,She married William Bartlett and is survived by her son Karl Bartlett of Mass.,no_relation,William Bartlett,Mass.,PER,MISC,80-1,80-2, and is survived by her son Karl Bartlett of ,6,"[3, 1, 6, 7, 9, 12, 13]"
81,"For example , the shell once worn by pilgrims passing through Poitiers on the way to the shrine of St. James is tied to both the coquille St.-Jacques and to the shell logo designed by Raymond Loewy for the Dutch Shell petroleum company .",no_relation,Poitiers,St. James,LOC,PER,81-1,81-2, on the way to the shrine of ,8,"[11, 10, 9, 12, 14, 15, 17, 18, 20]"
82,"It combines bits of art shops and bookstores like Barnes & Noble , Rizzoli , MoMA , Pearl Paint and the Harvard Coop , all together in a wide-open merchandise display .",no_relation,MoMA,Harvard Coop,LOC,ORG,82-1,82-2," , Pearl Paint and the ",3,"[15, 9, 18, 22]"
84,"He shot and missed a fallaway 10-footer , Bramlett missed a tip-in and Jefferson put up an 8-foot air ball as the buzzer sounded .",no_relation,Bramlett,Jefferson,PER,PER,84-1,84-2, missed a tip-in and ,3,"[8, 9, 16, 15]"
85,"On a separate issue with Iran , Mr. Bush signaled that the country 's new president , Mahmoud Ahmadinejad , would be granted a visa in order to attend the annual United Nations summit meeting in New York in September -- despite questions about what role he may have played in the 1979 hostage standoff at the United States Embassy in Tehran .",no_relation,United States,Tehran,LOC,LOC,85-1,85-2, Embassy in ,3,"[58, 59, 60, 61]"
86,"Paolo Pecchioli sang Gaudenzio 's music heftily , and Gary Lehman was a solid Bruschino .",no_relation,Paolo Pecchioli,Gary Lehman,PER,PER,86-1,86-2," sang Gaudenzio 's music heftily , and ",3,"[1, 2, 11, 10]"
87,"More than 100 government agencies in New York City and Westchester County receive Power Authority power , some of which is generated by its Charles Poletti Power Plant in Astoria , Queens .",no_relation,New York City,Westchester County,PER,LOC,87-1,87-2, and ,1,"[8, 11]"
88,"Mr. Sabini , 45 , served in the City Council for 10 years and also served briefly in the 1980 's as chairman of the Queens Democratic Party organization .",served,Mr. Sabini,City Council,PER,MISC,88-1,88-2," , 45 , served in the ",3,"[1, 5, 6, 9]"
89,"Dr. Cournand , who had joined the faculty at Physicians and  Surgeons in 1935 , retired in 1964 but continued as a special lecturer until his final illness .",joined faculty,Dr. Cournand,Physicians and  Surgeons,PER,ORG,89-1,89-2," , who had joined the faculty at ",5,"[1, 5, 7, 8, 9, 12]"
90,"But while Ms. Meub describes the debate as '' half whimsical , '' at least one debater , Frank Bryan , a professor of political science at the University of Vermont in Burlington , appeared to be in earnest .",no_relation,University of Vermont,Burlington,ORG,LOC,90-1,90-2, in ,4,"[30, 29, 28, 31, 32]"
91,"Besides his son Jaime , of Queens , he is survived by his wife , the former Carmen Inoa ; three sisters , Aurora Vazquez of Manhattan , Amelia Vazquez of San Juan , P.R. , and Carmen Morgan of Vero Beach , Fla. , and another son , Miguel , also of Queens .",no_relation,Amelia Vazquez,San Juan,PER,LOC,91-1,91-2, of ,2,"[29, 30, 32]"
92,"But unlike Osama bin Laden and Saddam Hussein , he lives in plain sight -- in Moscow , under the apparent protection of a post-Communist system that has profited from his activities as much as he has .",no_relation,Moscow,post-Communist,LOC,MISC,92-1,92-2," , under the apparent protection of a ",6,"[16, 15, 18, 21, 22, 27, 26]"
93,"George Raptis , M.D. , Treas.",no_relation,George Raptis,Treas.,PER,LOC,93-1,93-2," , M.D. , ",1,"[1, 6]"
94,"Mr. Rushdie 's novel , which is considered blasphemous to many Muslims and for which Ayatollah Ruhollah Khomeini of Iran called for the author 's death , was not in the window , but other books from Viking Penguin , Mr. Rushdie 's publishers , were on display .",no_relation,Muslims,Ayatollah Ruhollah Khomeini,MISC,PER,94-1,94-2, and for which ,5,"[11, 9, 8, 7, 20, 17]"
95,"Moscow has threatened to stop reducing its 7,000-warhead arsenal if Washington breaks out of the A.B.M. Treaty .",no_relation,Moscow,Washington,LOC,LOC,95-1,95-2," has threatened to stop reducing its 7,000-warhead arsenal if ",4,"[0, 2, 4, 11, 10]"
96,"Michelle Fischer , a daughter of Jacqueline and Stanley Fischer of Great Neck , N.Y. , is to be married today to David Kaplan , a son of Lily Kaplan and Joseph Kaplan of New York .",no_relation,Jacqueline,N.Y.,PER,LOC,96-1,96-2," and Stanley Fischer of Great Neck , ",4,"[6, 9, 10, 12, 14]"
97,"'' If you have someone with the name John Smith , there are probably thousands of people , '' Mr. Kobilinsky said .",no_relation,John Smith,Mr. Kobilinsky,NONE,PER,97-1,97-2," , there are probably thousands of people , '' ",7,"[9, 7, 5, 4, 3, 12, 21, 20]"
98,"'' We do n't know what kind of publishing philosophy Warwick Fairfax is going to keep up , '' said Roger Colman , a media analyst for County Securities Australia Ltd. in Sydney .",no_relation,Warwick Fairfax,Roger Colman,PER,PER,98-1,98-2," is going to keep up , '' said ",4,"[11, 13, 4, 19, 21]"
99,"Mr. Gore , who held regular talks with Mr. Chernomyrdin that became an important channel for relations with Russia , declined to comment on the handling of the report .",held regular talks,Mr. Gore,Mr. Chernomyrdin,PER,PER,99-1,99-2," , who held regular talks with ",4,"[1, 4, 6, 7, 9]"
100,"Jacuzzi says it is still in discussions with the S.E.C. , and the commission will not discuss the company .",no_relation,Jacuzzi,S.E.C.,ORG,ORG,100-1,100-2, says it is still in discussions with the ,6,"[0, 1, 3, 5, 6, 7, 9]"
101,"A troupe of Pakistani musicians fresh from a tour of India , an Indian scholar on his way to do research in Islamabad and bearded Muslim holy men going to a wedding in Rawalpindi were also aboard .",no_relation,Pakistani,Indian,LOC,LOC,101-1,101-2," musicians fresh from a tour of India , an ",5,"[3, 4, 2, 1, 14, 13]"
102,"The source of a tip this week that terrorists might strike at the Brooklyn Bridge or the Statue of Liberty was Abu Zubaydah , the highest-ranking Qaeda operative captured since Sept. 11 , a senior law enforcement official said yesterday .",no_relation,Statue of Liberty,Qaeda,LOC,ORG,102-1,102-2," was Abu Zubaydah , the highest-ranking ",10,"[19, 18, 17, 14, 11, 10, 1, 20, 22, 29, 28]"
103,"There were scores by his most famous student , Igor Stravinsky , along with music by Glazunov and Prokofiev -LRB- violin concertos dispatched in sovereign style by Viktor Tretyakov -RRB- , Respighi -LRB- a dark and brooding `` Pines of Rome '' -RRB- , Ravel , Lyadov -LRB- a barn-burning tone poem called `` From the Apocalypse '' -RRB- , Debussy and Messiaen , whose `` Turangalila , '' heard in three extensive excerpts , electrified an audience seemingly unfamiliar with it .",no_relation,Igor Stravinsky,Prokofiev,PER,PER,103-1,103-2," , along with music by Glazunov and ",9,"[10, 7, 12, 13, 14, 15, 16, 21, 20, 18]"
104,"Question : What is the best way of going by train from Oslo to Switzerland , passing through Copenhagen and the Black Forest in West Germany ?",no_relation,Switzerland,West Germany,LOC,LOC,104-1,104-2," , passing through Copenhagen and the Black Forest in ",8,"[14, 13, 8, 16, 17, 18, 22, 23, 25]"
105,"Henry Eugene Manning , a health care administrator who oversaw the groundwork for the creation of New York City 's autonomous Health and Hospitals Corporation , died on Dec. 4 at University Hospitals in Cleveland .",no_relation,Health and Hospitals Corporation,University Hospitals in Cleveland,ORG,MISC,105-1,105-2," , died on Dec. 4 at ",12,"[24, 15, 14, 12, 11, 9, 7, 2, 26, 30, 32, 33, 34]"
106,"John Haynes , the co-author with Harvey Klehr of a forthcoming Soviet history to be published by Yale , said that the intelligence reports show that Mr. Barr and Mr. Sarant '' were among the K.G.B. 's most valuable technical spies . ''",no_relation,John Haynes,Soviet,PER,LOC,106-1,106-2," , the co-author with Harvey Klehr of a forthcoming ",6,"[1, 6, 7, 9, 10, 14, 13]"
107,"The rise of separatist movements in Quebec , Scotland , Wales , Catalonia , Northern Italy and across Europe and elsewhere makes issues like secession more relevant than it might otherwise seem .",no_relation,Quebec,Catalonia,LOC,NONE,107-1,107-2," , Scotland , Wales , ",3,"[6, 8, 10, 12]"
108,"'' I so much love what you write , '' said Mr. Dunne , as he and Mr. Wolff leaned their heads toward each other at identical angles .",no_relation,Mr. Dunne,Mr. Wolff,PER,PER,108-1,108-2," , as he and ",4,"[12, 10, 19, 15, 18]"
109,"It led off with the sort of flashy late-Romantic showpiece that made his reputation with the Montreal Symphony , the Kodaly `` Peacock '' Variations on a Hungarian Folk Song .",no_relation,Montreal Symphony,Hungarian Folk Song,MISC,MISC,109-1,109-2," , the Kodaly `` Peacock '' Variations on a ",4,"[19, 22, 27, 28, 32]"
110,"Peter Harrington , a vice president of New England Mutual , said Met Life 's great financial strength would raise the ratings his company receives from insurance-rating agencies .",vice president,Peter Harrington,New England Mutual,PER,ORG,110-1,110-2," , a vice president of ",3,"[1, 5, 6, 9]"
111,"'' It 's hard now to believe that someone like Freeman really existed , '' said Mr. Ledes , 47 , who has been involved for many years with performance art and experimental theater groups in Paris and New York .",no_relation,Freeman,Mr. Ledes,PER,PER,111-1,111-2," really existed , '' said ",7,"[10, 9, 8, 12, 6, 2, 15, 17]"
112,"On Wednesday , Judge Thomas F. Hogan of Federal District Court in Washington said he would order the reporters jailed for up to 120 days if they did not agree to testify before the grand jury in the meantime .",no_relation,Federal District Court,Washington,MISC,LOC,112-1,112-2, in ,2,"[10, 11, 12]"
113,"Pakistan and India have been observing a cease-fire there for more than a month now , and the president seemed to suggest in a recent interview that Pakistan would set aside a demand for a plebiscite in Kashmir were India to show flexibility in return .",no_relation,Kashmir,India,LOC,LOC,113-1,113-2,,12,"[39, 38, 37, 35, 34, 31, 27, 24, 23, 21, 5, 0, 2]"
116,"It is fresh sushi made from fish flown in from Dubai and sold at a Japanese restaurant that is part of a growing number of luxury hotels , shops and restaurants that cater to Western businessmen and their wealthy Armenian partners .",no_relation,Dubai,Japanese,LOC,LOC,116-1,116-2, and sold at a ,11,"[10, 9, 7, 6, 5, 4, 3, 1, 12, 13, 16, 15]"
117,"'' I do n't know if we require them to reciprocate or not , '' mused Mr. Styron of the Clintons .",no_relation,Mr. Styron,Clintons,PER,ORG,117-1,117-2, of the ,2,"[17, 18, 20]"
118,Walter Dean Burnham of the University of Texas called the midterm elections -- which saw the balance of power shift from Democratic to Republican in both chambers of Congress -- no less than the transformation `` from one American republic to the next . '',called elections,Walter Dean Burnham,midterm,PER,MISC,118-1,118-2, of the University of Texas called the ,3,"[2, 8, 11, 10]"
119,"The men will be housed , prison officials said , '' within spitting distance '' of each other at the Florida State Prison in Starke .",no_relation,Florida State Prison,Starke,LOC,LOC,119-1,119-2, in ,2,"[22, 23, 24]"
120,The letter was forwarded from the White House to Mrs. Clinton 's Senate office .,office,Mrs. Clinton,Senate,PER,MISC,120-1,120-2, 's ,2,"[10, 13, 12]"
121,"Mr. Mirsky said he had a transcript of a conversation in Beijing between the paper 's editor , Peter Stothard , and Deputy Prime Minister Zhu Rongji in which the journalist apologized for having asked the Chinese leader about the dissident Wei Jingsheng .",no_relation,Zhu Rongji,Chinese,PER,NONE,121-1,121-2, in which the journalist apologized for having asked the ,5,"[26, 31, 32, 34, 37, 36]"
122,"Mr. Stinson was born in Waconia , Minn. , a suburb of Minneapolis .",suburb,Waconia,Minneapolis,LOC,LOC,122-1,122-2," , Minn. , a suburb of ",3,"[5, 10, 11, 12]"
123,"Also , Irma Rusk of Manhattan , $ 50 ; Lotte Hanf of West Cornwall , Conn. , $ 50 ; Caroline Janover of Ridgewood , N.J. , $ 25 ; Steven Hess of Manhattan , $ 100 in memory his stepfather , Harry Jacobson ; Lendt & Company in Manhattan , $ 20 ; Helen and Theodore Firstenberg of Fort Lee , N.J. , $ 25 ; Ruth Phelps and Dorothy Phelps of Forest Hills , Queens , $ 50 ; Charlotte Dennett of Riverside , Conn. , $ 25 ; Louise and Edward Russell Jr. of Southampton , L.I. , $ 50 ; Paul Dunn of Manhattan , $ 100 ; Vivian and Alfred Carlip of Vestal , N.Y. , $ 30 , and Alice and Glenn Foss of Manhattan , $ 100 .",no_relation,Riverside,Edward Russell Jr.,LOC,PER,123-1,123-2," , Conn. , $ 25 ; Louise and ",4,"[85, 84, 83, 92, 96]"
124,"In addition to his wife , Mr. Potter is survived by five children from two previous marriages , including four sons , Howard , of Weston , Conn. ; Edward , of Bedford , N.Y. ; Christian , of Litchfield , Conn. ; and Jack Rohe Howard-Potter of New York City ; and a daughter , Margaretta Patterson of New Milford , Conn.",no_relation,Litchfield,New York City,LOC,LOC,124-1,124-2," , Conn. ; and Jack Rohe Howard-Potter of ",5,"[39, 38, 36, 48, 49, 52]"
125,The headline on the National League baseball roundup yesterday referred incorrectly to the Milwaukee Brewers ' performance in a four-game series against the Pittsburgh Pirates .,no_relation,Milwaukee Brewers,Pittsburgh Pirates,PER,PER,125-1,125-2, ' performance in a four-game series against the ,5,"[14, 16, 17, 22, 23, 26]"
126,"Sabres 7 , Whalers 3 : Pierre Turgeon and Christian Ruuttu each scored twice for Buffalo and the team 's Soviet rookie , Aleksandr Mogilny , who missed the last six games while he received counseling for his fear of flying , had a goal and an assist .",no_relation,Sabres,Whalers,MISC,MISC,126-1,126-2," 7 , ",1,"[0, 3]"
127,"Mr. Lay , who resigned on Wednesday as Enron 's chairman and chief executive , and the Linda and Ken Lay Family Foundation also gave M. D. Anderson $ 240,250 since Dr. Mendelsohn became president .",no_relation,Ken Lay Family Foundation,M. D. Anderson,ORG,PER,127-1,127-2, also gave ,4,"[22, 17, 1, 24, 27]"
128,"Yet , like Matisse and Picasso , as well as Marsden Hartley , he never stopped pushing , even as he dropped out of sight in the New York art world .",no_relation,Matisse,Picasso,PER,PER,128-1,128-2, and ,1,"[3, 5]"
129,"Milosevic Amnesty Suggested Vuk Draskovic , left , a leading Serbian opposition politician , said the best way to get President Slobodan Milosevic out of power would be to get him to resign by promising immunity from arrest or extradition .",no_relation,Milosevic Amnesty Suggested Vuk Draskovic,Serbian,ORG,LOC,129-1,129-2," , left , a leading ",2,"[4, 12, 10]"
130,"He was also board chairman of Webb Institute , a college of naval architecture and engineering in Glen Cove , N.Y.",no_relation,Glen Cove,N.Y.,LOC,LOC,130-1,130-2," , ",2,"[18, 19, 20]"
131,"The first to settle with LIPA was Suffolk County , followed by Nassau County , the Town of Brookhaven , the Shoreham-Wading River School District , the North Shore Library District and the Wading River Fire District .",followed,Suffolk County,Town of Brookhaven,LOC,LOC,131-1,131-2," , followed by Nassau County , the ",6,"[8, 10, 11, 13, 16, 17, 18]"
132,"British and United States aviation officials will meet again late this week to try to resolve differences over landing rights at London 's Heathrow Airport , a United States Transportation Department spokesman said yesterday .",no_relation,London,United States Transportation Department,LOC,ORG,132-1,132-2," 's Heathrow Airport , a ",3,"[21, 24, 31, 30]"
133,"In addition to Montaldo 's , Mr. Doop , a native of Cherryvale , Kan. , owned and operated Doop 's in East Orange , N.J. , also a women 's specialty shop .",no_relation,East Orange,N.J.,LOC,LOC,133-1,133-2," , ",1,"[23, 25]"
134,"31 Fresh Air Fund 30 Obituaries 38 Clement Greenberg , a prominent American art critic .",no_relation,Fresh Air Fund,Obituaries,ORG,ORG,134-1,134-2, 30 ,1,"[3, 5]"
135,"Since then the Iraqis have permitted only a routine visit from the International Atomic Energy Agency for monitoring equipment under the 1968 Nuclear Nonproliferation Treaty , an issue not related to the inspections imposed on Iraq in 1991 after the Persian Gulf war .",permitted routine visit,Iraqis,International Atomic Energy Agency,NONE,ORG,135-1,135-2, have permitted only a routine visit from the ,4,"[3, 5, 9, 10, 15]"
136,"Under a memorandum of agreement that was signed last week by the United States and the Soviet Union in Moscow , elite athletes of each country would be subject to random drug testing by officials of the other country twice a year .",signed signed,United States,Soviet Union in Moscow,LOC,LOC,136-1,136-2, and the ,3,"[13, 17, 18, 19]"
137,"And he wrote a book with Jos Oliver on Nicholas Ray , an American director for whom Mr. Erice has great sympathy and admiration .",no_relation,Jos Oliver,Mr. Erice,PER,PER,137-1,137-2," on Nicholas Ray , an American director for whom ",5,"[7, 8, 10, 14, 19, 18]"
138,LEAD : An article in Business Day yesterday about the Chicago White Sox misidentified the Sara Lee Corporation 's founder .,no_relation,Business Day,Sara Lee Corporation,MISC,ORG,138-1,138-2, yesterday about the Chicago White Sox misidentified the ,5,"[6, 4, 3, 13, 19, 17]"
139,"LEAD : The Khartoum Government held secret peace talks in London this month with representatives of the rebel army fighting in the southern Sudan , officials said today .",held secret peace talks,Khartoum Government,London,LOC,LOC,139-1,139-2, held secret peace talks in ,4,"[4, 5, 8, 9, 10]"
140,"Ordinarily , Piffiab would be rescued by its chairman , Anne Armstrong of Texas , a close pal of the new President , but she wants to retire .",no_relation,Piffiab,Anne Armstrong,PER,PER,140-1,140-2," would be rescued by its chairman , ",4,"[2, 5, 6, 8, 11]"
141,"In 1993 , though , when passions were running high against Mayor Dinkins , the vote for Mr. Dinkins 's Republican opponent , Rudolph W. Giuliani , was 34 percent in the most Hasidic portion of the neighborhood -- suggesting an almost unanimous vote among the Hasidim for Mr. Giuliani .",no_relation,Mayor Dinkins,Republican,PER,ORG,141-1,141-2," , the vote for Mr. Dinkins 's ",8,"[12, 10, 9, 8, 27, 15, 16, 21, 20]"
142,"In a mall in Fayetteville , N.C. , sneaking cigarettes and drinking Orange Julius , she tearfully confessed .",no_relation,Fayetteville,N.C.,LOC,LOC,142-1,142-2," , ",1,"[4, 6]"
143,"He was taken to St. Barnabas Hospital in the Bronx , where he died at 9:45 p.m.",no_relation,St. Barnabas Hospital,Bronx,LOC,LOC,143-1,143-2, in the ,2,"[6, 7, 9]"
144,Administration officials said that analysts are continuing to study Mr. Bloch 's years as deputy chief of mission in Austria .,no_relation,Mr. Bloch,Austria,PER,LOC,144-1,144-2, 's years as deputy chief of mission in ,5,"[10, 12, 13, 15, 18, 19]"
145,"In February and March , several meetings of strikers , in Managua and elsewhere , were broken up by Sandinistas .",no_relation,Managua,Sandinistas,LOC,ORG,145-1,145-2," and elsewhere , were broken up by ",5,"[11, 10, 6, 16, 18, 19]"
146,"The pilot plant at Islay , an island on the west coast of Scotland , is expected to produce a modest average of 40 kilowatts a day , enough for the nearby little village , which now uses diesel fuel .",no_relation,Islay,Scotland,LOC,LOC,146-1,146-2," , an island on the west coast of ",5,"[4, 7, 8, 11, 12, 13]"
147,"LEAD : The marriage of Danguole J. Spakevicius , a daughter of Mr. and Mrs. Julius Spakevicius of Westwood , Mass. , and William Carl Altman , a son of Mr. and Mrs. Lester Altman of New Ulm , Tex. , took place yesterday at St. Paul Roman Catholic Church in Cambridge , Mass.",no_relation,Westwood,William Carl Altman,LOC,PER,147-1,147-2," , Mass. , and ",6,"[18, 17, 16, 11, 10, 7, 25]"
148,"Mr. Deutscher is survived by his wife and law partner , Ann ; his stepsons Charles and Robert Truxal ; his mother Evelyn Halbreich of Aventura , Florida ; his son John Deutscher ; his daughter Stacey Purdue ; and his sister Lois Rubin of Olney , Maryland .",no_relation,Ann,Robert Truxal,PER,PER,148-1,148-2, ; his stepsons Charles and ,4,"[11, 6, 14, 15, 18]"
149,"Mr. Silver joined Weitz & Luxenberg as a part-time member '' of counsel '' last October , after his previous firm , Schneider , Kleinick , Weitz , Damashek & Shoot , broke up .",no_relation,Schneider,Damashek & Shoot,PER,ORG,149-1,149-2," , Kleinick , Weitz , ",4,"[24, 26, 28, 30, 32]"
150,"He married Beatrice Levinson , who survives , along with two sons , David , of Tel Aviv , and Jonathan , of Jerusalem , and a daughter , Ruth Yehoshua , also of Tel Aviv .",sons,David,Tel Aviv,PER,LOC,150-1,150-2," , of ",2,"[13, 15, 17]"
151,"Setting aside Monica 's own disregard for Clinton 's family , the threat from an overzealous prosecutor predates the Internet age -LRB- see : Hugo , Victor , Novelist -RRB- .",no_relation,Internet,Victor,LOC,ORG,151-1,151-2," age -LRB- see : Hugo , ",5,"[19, 20, 17, 22, 24, 26]"
152,"' It 's magic down there , '' said Mr. Marmo , pausing the other afternoon beside a whirring projector in a darkened warren of booths arranged like gun turrets above the 14 auditoriums at the Loews Theater multiplex beside the Willowbrook Mall in Wayne .",no_relation,Loews Theater,Wayne,LOC,LOC,152-1,152-2, multiplex beside the Willowbrook Mall in ,5,"[37, 38, 39, 42, 43, 44]"
153,"`` Mean Harp , '' by Carolyn Yarnell , offered grim counterpoint to Ms. Weir 's fancies .",no_relation,Carolyn Yarnell,Ms. Weir,PER,PER,153-1,153-2," , offered grim counterpoint to ",6,"[8, 6, 3, 10, 13, 17, 15]"
154,"Services Wednesday , September 15 , 12:30 PM , at '' The Riverside , '' 76th Street and Amsterdam Avenue .",no_relation,Riverside,Amsterdam,ORG,ORG,154-1,154-2," , '' 76th Street and ",5,"[12, 9, 0, 16, 19, 18]"
155,"Mr. Walker and other members of the coalition met today with Donald L. Evans , the commerce secretary , and Lawrence B. Lindsey , the White House economic adviser , before their lunch with Mr. Bush .",no_relation,Donald L. Evans,Lawrence B. Lindsey,PER,PER,155-1,155-2," , the commerce secretary , and ",2,"[13, 17, 22]"
156,"Mitch Henderson of the Tigers missed a shot from inside , but Doyal then made a steal that led to Johnson 's score and a 41-41 tie .",no_relation,Tigers,Doyal,LOC,PER,156-1,156-2," missed a shot from inside , but ",5,"[4, 2, 1, 5, 14, 12]"
157,"On the coasts , the victors Chuck Schumer and Gray Davis successfully impaled Al D'Amato and Dan Lungren on their efforts to reverse Roe v. Wade .",no_relation,Gray Davis,Al D'Amato,PER,PER,157-1,157-2, successfully impaled ,4,"[10, 7, 5, 12, 14]"
158,"Bruce Braine , vice president for strategic policy analysis at A.E.P. and a CCX board member , told me that '' the question of establishing baselines is always difficult .",no_relation,A.E.P.,CCX,ORG,MISC,158-1,158-2, and a ,5,"[10, 9, 4, 15, 14, 13]"
159,"With the rise to power in Israel in 1977 of the conservative Likud party , which has held that the land taken from Jordan was historically part of Israel , settlement activity has risen significantly .",no_relation,Jordan,Israel,LOC,LOC,159-1,159-2,,12,"[23, 22, 21, 20, 24, 17, 13, 9, 8, 7, 2, 5, 6]"
160,The N.C.A.A. said it seriously considered shutting down the Kansas basketball program for an entire year .,no_relation,N.C.A.A.,Kansas,ORG,LOC,160-1,160-2, said it seriously considered shutting down the ,5,"[1, 2, 5, 6, 11, 9]"
161,F.T.C. Clears Acquisition Of Compaq by Hewlett The Federal Trade Commission unanimously approved Hewlett-Packard 's deal to acquire Compaq Computer .,no_relation,Federal Trade Commission,Hewlett-Packard,ORG,ORG,161-1,161-2, unanimously approved ,3,"[10, 12, 17, 15]"
162,"On March 28 , associates of the Prime Minister said , the party will gather to chose a successor , with the most likely candidates being P. J. Patterson , a former Deputy Prime Minister , and Portia Simpson , Minister of Labor , Welfare and Sports .",no_relation,Portia Simpson,Labor,PER,MISC,162-1,162-2," , Minister of ",3,"[38, 40, 41, 42]"
163,Son of the late Saul and Sharlye Herzfeld .,no_relation,Saul,Sharlye Herzfeld,MISC,PER,163-1,163-2, and ,1,"[4, 7]"
164,"But until a magic number is down to a single digit , there 's no magic in it , meaning the number of Yankee victories and Oriole or Red Sox losses that would assure the Yanks first place in the American League East .",no_relation,Red Sox,Yanks,PER,PER,164-1,164-2, losses that would assure the ,5,"[29, 26, 30, 33, 37, 35]"
165,"A major factor in pushing the Whitewater story has been Jim Leach , the Iowa Republican Congressman .",no_relation,Iowa,Republican,LOC,MISC,165-1,165-2, ,2,"[14, 16, 15]"
166,"Paula Marcus , M.D. New Rochelle , N.Y.",no_relation,M.D. New Rochelle,N.Y.,LOC,LOC,166-1,166-2," , ",2,"[5, 6, 7]"
167,"'' Our factory is doing O.K. now , but things will get worse as the weather heats up , '' said Chen Pintang , general manager of the Shixing Electronic Components Factory in Hangzhou , capital of Zhejiang in eastern China .",no_relation,Shixing Electronic Components Factory,Zhejiang,ORG,LOC,167-1,167-2," in Hangzhou , capital of ",6,"[31, 26, 25, 22, 35, 36, 37]"
168,"Ed Merrin was not among the swashbucklers , but according to Ian Graham , an archeologist and Mayan expert at Harvard 's Peabody Museum , '' he 's certainly handled masterpieces that should never have been removed from their original sites . ''",no_relation,Ed Merrin,Ian Graham,PER,PER,168-1,168-2," was not among the swashbucklers , but according to ",5,"[1, 2, 29, 9, 10, 12]"
169,"Kathy Gail Kirkpatrick , a daughter of Oran G. Kirkpatrick Jr. of Rye , N.Y. , and the late Patricia G. Kirkpatrick , was married yesterday to Dr. Daniel James Lysaght MacGowan , the son of Helen and Brian F. MacGowan of Stillorgan , Ireland .",no_relation,Helen,Ireland,PER,LOC,169-1,169-2," and Brian F. MacGowan of Stillorgan , ",3,"[36, 41, 42, 44]"
170,"HFS INC. , Parsippany , N.J. , named Ramesh Gokal , currently president of Hospitality Concepts Inc. , Charlotte , N.C. , to the positions of president and chief operating officer of the hotel franchiser 's newly acquired Knights Inn hotel chain .",no_relation,N.J.,Ramesh Gokal,LOC,PER,170-1,170-2," , named ",4,"[6, 4, 2, 8, 10]"
171,"Following are closing arguments , excerpted by topic , by two Deputy District Attorneys , Marcia Clark and Christopher A. Darden , given yesterday in Los Angeles in the trial of O. J. Simpson in the slayings of Nicole Brown Simpson and Ronald L. Goldman , as transcribed by The New York Times : MARCIA CLARK The Mark Fuhrman Issue",no_relation,O. J. Simpson,Ronald L. Goldman,PER,PER,171-1,171-2, in the slayings of Nicole Brown Simpson and ,7,"[33, 30, 29, 34, 36, 37, 40, 44]"
172,"' They did n't do anything to keep it up and pretty much ignored that system , which probably hurt them in the long run , '' said an official at Mapsco , based in Dallas .",no_relation,Mapsco,Dallas,ORG,LOC,172-1,172-2," , based in ",5,"[31, 30, 29, 33, 34, 35]"
173,"So do n't be surprised if the veterans are upstaged by the Gossip , a barebones blues-punk band led by Beth Ditto , possessed of an appealing shivery wail .",no_relation,Gossip,Beth Ditto,MISC,PER,173-1,173-2," , a barebones blues-punk band led by ",4,"[12, 19, 20, 21, 23]"
174,"Adored daughter of Vera G. and the late Albert List of Greenwich , CT .",no_relation,Albert List,"Greenwich , CT",PER,LOC,174-1,174-2, of ,3,"[9, 10, 11, 13]"
175,"Oddworld had scrapped plans to make its next game for Sony 's PlayStation2 in favor of the Xbox , tying its future to Microsoft 's success in video games .",no_relation,Xbox,Microsoft,MISC,ORG,175-1,175-2," , tying its future to ",10,"[17, 15, 14, 13, 5, 3, 2, 19, 22, 25, 23]"
176,"The bridegroom is an associate in the San Francisco law firm of Fleisher , Dubb , Meyer & Lovejoy .",law firm,San Francisco,Fleisher,LOC,PER,176-1,176-2, law firm of ,3,"[8, 10, 11, 12]"
177,Pak became the first rookie to win a major title since Liselotte Neumann won the United States Women 's Open in 1988 .,won,Liselotte Neumann,United States Women 's Open,PER,MISC,177-1,177-2, won the ,2,"[12, 13, 19]"
178,"Avenue X Concept , book and lyrics by John Jiler ; music and lyrics by Ray Leslee ; directed by Mark Brokaw ; vocal arrangements and musical direction by Chapman Roberts ; set by Loy Arcenas ; costumes by Ellen McCartney ; lighting by Donald Holder ; sound by Janet Kalas ; fight director , Rick Sordelet ; choreographer , Ken Roberson ; production stage manager , Lisa Buxbaum .",no_relation,Ray Leslee,Mark Brokaw,PER,PER,178-1,178-2, ; directed by ,8,"[16, 14, 11, 9, 7, 2, 18, 19, 21]"
179,"As a longtime member of the board of governors who was a director of the Kansas City , Mo. , Fed before that , Mr. Angell still has intimate , current knowledge of the thinking not only of the board and the bank presidents on the open market committee , but also of many of the directors of regional banks .",no_relation,"Kansas City , Mo.",Fed,LOC,ORG,179-1,179-2," , ",2,"[18, 16, 20]"
180,"The Hudsons '' really have the sensitivity and understanding of the African-American market that you do n't often find at the major mainstream publishers , '' said Bernette Ford , vice president and editorial director for Cartwheel Books , an imprint of Scholastic Inc. , the dominant children 's book publisher for the trade and educational markets .",imprint,Cartwheel Books,Scholastic Inc.,ORG,ORG,180-1,180-2," , an imprint of ",3,"[39, 42, 43, 45]"
181,"Israel will have to live with the Palestinians , after the war .",no_relation,Israel,Palestinians,LOC,LOC,181-1,181-2, will have to live with the ,4,"[0, 2, 4, 5, 7]"
182,"Ashcroft , Mo. ; Brown , Colo. ; Coats , Ind. ; Coverdell , Ga. ; Craig , Idaho ; D'Amato , N.Y. ; Domenici , N.M. ; Faircloth , N.C. ; Frist , Tenn. ; Gramm , Texas ; Grams , Minn. ; Grassley , Iowa ; Gregg , N.H. ; Hatfield , Ore. ; Helms , N.C. ; Hutchison , Texas ; Inhofe , Okla. ; Kyl , Ariz. ; Lott , Miss. ; Nickles , Okla. ; Pressler , S.D. ; Santorum , Pa. ; Shelby , Ala. ; Smith , N.H. ; Snowe , Maine ; Thomas , Wyo. ; Thompson , Tenn. ; Thurmond , S.C. ; Warner , Va.",no_relation,D'Amato,Domenici,PER,PER,182-1,182-2," , N.Y. ; ",2,"[20, 16, 24]"
183,"A last-ditch effort to bring 260,000 furloughed Federal employees back to work just after New Year 's Day failed today when Republicans and Democrats in the Senate rejected back-and-forth proposals from each other .",no_relation,Democrats,Senate,ORG,MISC,183-1,183-2, in the ,3,"[25, 23, 26, 28]"
184,"English is the country 's official second language , after Bangla , a combination of Bengali and Urdu .",no_relation,Bangla,Bengali,LOC,LOC,184-1,184-2," , a combination of ",3,"[10, 13, 14, 15]"
186,"' The traditional steakhouse chain , such as Morton 's of Chicago and Ruth 's Chris , gives off a kind of macho feeling , '' said Milford Prewitt , a staff writer at Nation's Restaurant News , a weekly trade publication .",staff writer,Milford Prewitt,Nation's Restaurant News,PER,LOC,186-1,186-2," , a staff writer at ",3,"[28, 32, 33, 37]"
187,"And indeed , the Greek for John is Ioannes , which comes from the Hebrew Yokanan , from Yekohanan , meaning '' God is gracious . ''",comes,Ioannes,Hebrew Yokanan,PER,LOC,187-1,187-2," , which comes from the ",3,"[8, 11, 12, 15]"
188,"New York State passed regulations on work hours , but studies by Mark Green , New York City 's Public Advocate , and others have shown that many hospitals do not comply with them .",no_relation,New York State,Mark Green,LOC,PER,188-1,188-2," passed regulations on work hours , but studies by ",4,"[2, 3, 10, 11, 13]"
189,"Mr. Reagan 's veto , Mr. Michel said , '' changes the complexity of the situation . ''",veto,Mr. Reagan,Mr. Michel,PER,PER,189-1,189-2," 's veto , ",4,"[1, 3, 10, 7, 6]"
190,"Early on , I confidently assigned readings from Sir Richard Burton , who explored the source of the Nile .",explored source,Richard Burton,Nile,PER,LOC,190-1,190-2," , who explored the source of the ",4,"[10, 13, 15, 16, 18]"
191,"Most generally , he does not consider that the invasions of Czechoslovakia and Hungary  were Soviet totalitarianism expressing its nature , whereas the slaughter in Kwangju represented neither American values nor American goals .",no_relation,Czechoslovakia and Hungary,Soviet,MISC,LOC,191-1,191-2,  were ,6,"[13, 11, 10, 9, 15, 17, 16]"
192,"The rest of the teams will begin play July 26 , with Sweden-Paraguay in Barcelona , Morocco-South Korea in Valencia , Ghana facing Australia or the Netherlands in Sabadell and Denmark playing Mexico or Honduras in Zaragoza .",no_relation,Sabadell,Denmark,LOC,LOC,192-1,192-2, and ,1,"[32, 34]"
193,"Henry Spira was born June 19 , 1927 , in Antwerp , Belgium , the son of Maurice and Margit Spitzer Spira .",no_relation,Belgium,Margit Spitzer Spira,LOC,PER,193-1,193-2," , the son of Maurice and ",4,"[12, 15, 16, 17, 21]"
194,"' I have a client with a building in Kearney who asked me what he should do , '' said Donald Eisen , manager of New Jersey operations for Cushman & Wakefield , the real estate services company .",no_relation,New Jersey,Cushman & Wakefield,LOC,ORG,194-1,194-2, operations for ,4,"[26, 27, 28, 29, 31]"
195,"A1 Israel rejected a Soviet offer to open quasi-embassies in Tel Aviv and Moscow , U.S. officials said .",no_relation,Israel,Tel Aviv and Moscow,LOC,ORG,195-1,195-2, rejected a Soviet offer to open quasi-embassies in ,7,"[1, 2, 5, 7, 10, 11, 13, 15]"
196,"Corruption was so endemic in the Teamsters that the United States attorney in Manhattan filed a civil racketeering suit in 1988 , accusing the union of having made a '' devil 's pact '' with the mob .",no_relation,United States,Manhattan,LOC,PER,196-1,196-2, attorney in ,3,"[10, 11, 12, 13]"
197,"' They really pulled it off , '' said William Epifanio 2d , an analyst with J. P. Morgan , who had been among those who lowered their numbers .",no_relation,William Epifanio,J. P. Morgan,PER,ORG,197-1,197-2," 2d , an analyst with ",4,"[10, 11, 14, 15, 18]"
198,Mother of Watson N. Driggs of Wyckoff .,no_relation,Watson N. Driggs,Wyckoff,PER,LOC,198-1,198-2, of ,2,"[4, 5, 6]"
199,"In Baghdad , five American soldiers were killed in an attack on their convoy .",no_relation,Baghdad,American,LOC,LOC,199-1,199-2," , five ",4,"[1, 0, 7, 5, 4]"
200,"In his annual state of the N.F.L. address last month , Commissioner Paul Tagliabue was asked about the XFL , and Tagliabue dismissed the question , saying the N.F.L. has little concern about the upstart league .",no_relation,XFL,N.F.L.,MISC,ORG,200-1,200-2,,7,"[18, 16, 15, 0, 3, 4, 7, 6]"
201,"The plastic sword was a promotional item from '' The Lord of the Rings '' movie and a Valentine 's Day gift from Ms. Harzewski -- he gave her Gandalf 's sword , and no , they did n't discuss the gifts beforehand .",gift,Valentine 's Day,Ms. Harzewski,MISC,PER,201-1,201-2, gift from ,3,"[20, 21, 22, 24]"
202,"The 145-acre Kirby Hill estate in Muttontown and the 155-acre Gordon Phipps estate in Old Westbury are both slated for subdivision , Mr. Zuckerberg said .",no_relation,Old Westbury,Mr. Zuckerberg,LOC,PER,202-1,202-2," are both slated for subdivision , ",6,"[15, 13, 12, 4, 18, 24, 23]"
203,Espionage charges are leveled even more often by the Cuban government against American diplomats assigned to the United States interests section in Havana .,no_relation,Cuban,United States,LOC,LOC,203-1,203-2, government against American diplomats assigned to the ,9,"[9, 10, 7, 3, 11, 13, 14, 15, 20, 18]"
204,"Wayne Gretzky , who had two assists and now has 97 points , said the Rangers also were n't bothered by tough talk from the Flyers , who vowed to check Gretzky and Brian Leetch .",no_relation,Flyers,Brian Leetch,MISC,PER,204-1,204-2," , who vowed to check Gretzky and ",4,"[25, 28, 30, 31, 34]"
205,"MILLER , Joan MILLER , Kyle MILLER , Robert MURTA , Angela NIBERT , Cheryl NOTES , Gadi O'HARA , Caitlin O'HARA , Janet O'HARA , John OLSEN , Rebecca OMICCIOLI , Monica , Fano , Italy ORMAN , Alan PAQUET , Huguette PAQUET , Ingrid PARES , Serge PENZER , Judy PERCY , Marion PRICE , Dennis , Englewood , Colo.",no_relation,Marion,Englewood,LOC,LOC,205-1,205-2," PRICE , Dennis , ",3,"[54, 55, 57, 59]"
206,"Also in accordance with Muslim custom , she wore silver nail polish on her left hand , but left unadorned her right hand , the one she eats with , which must remain clean .",no_relation,Muslim,polish,MISC,LOC,206-1,206-2," custom , she wore silver nail ",6,"[4, 5, 3, 2, 1, 8, 11]"
207,"Hopper 's '' Captain Upton 's House , '' from 1927 , painted at Cape Elizabeth , Me. , depicts a sprawling lighthouse -LRB- up to $ 1.8 million -RRB- ; his '' Hotel Window '' from 1956 shows a woman seated alone looking out a large window at night -LRB- up to $ 1.5 million -RRB- .",no_relation,Cape Elizabeth,Me.,LOC,LOC,207-1,207-2," , ",1,"[15, 18]"
208,"This hefty , superslick Dutch quarterly 's recent theme issue monumentalizes Yves Saint Laurent .",no_relation,Dutch,Yves Saint Laurent,LOC,PER,208-1,208-2, quarterly 's recent theme issue monumentalizes ,6,"[4, 5, 9, 3, 1, 10, 13]"
209,"ON THE AIR -- Over folksy music , an older woman praises Mr. Schundler and scolds Bob Franks , his opponent in the Republican primary .",no_relation,Mr. Schundler,Republican,PER,LOC,209-1,209-2," and scolds Bob Franks , his opponent in the ",7,"[13, 11, 15, 17, 20, 21, 24, 23]"
210,"The Lebanese-born 9\/11 terrorist Ziad Jarrah did part of the planning in Duisburg , and had a romantic involvement with a seemingly well-assimilated Turkish-German woman who studied dentistry nearby in Bochum .",no_relation,Ziad Jarrah,Duisburg,PER,LOC,210-1,210-2, did part of the planning in ,6,"[7, 8, 9, 10, 12, 13, 14]"
211,"-LRB- Sources by Citigroup ; Telerate ; Bond Buyer , British Bankers ' Assoc. ; Bloomberg Financial Mkts ; \* NASD-Bloomberg Bond indices -RRB-",no_relation,British Bankers ' Assoc.,Bloomberg Financial Mkts,ORG,ORG,211-1,211-2, ; ,2,"[14, 1, 18]"
212,ON POLITICS Iver Peterson reports from New Jersey for The New York Times .,no_relation,Iver Peterson,New Jersey,PER,LOC,212-1,212-2, reports from ,3,"[3, 4, 5, 7]"
213,"Mr. Lazio will be the guest at several fund-raisers in private homes whose sponsors include Representative Rob Portman , an Ohio Republican who is a friend of Mr. Lazio 's , and Senator Spence Abraham , a Michigan Republican seeking re-election and one of the sponsors of the Dearborn event .",no_relation,Rob Portman,Mr. Lazio,PER,PER,213-1,213-2,,6,"[19, 16, 10, 6, 5, 3, 1]"
214,"Some of the uses of the power have been extremely controversial , such as President Washington 's pardons of leaders of the Whiskey Rebellion , President Harding 's commutation of the sentence of Eugene Debs , President Nixon 's commutation of the sentence of James Hoffa , President Ford 's pardon of former President Nixon , President Carter 's pardon of Vietnam War draft resisters , and President Bush 's 1992 pardon of six Iran-contra defendants , including former Defense Secretary Weinberger , which assured the end of that investigation .",no_relation,Eugene Debs,James Hoffa,PER,PER,214-1,214-2," , President Nixon 's commutation of the sentence of ",5,"[34, 39, 40, 42, 43, 45]"
215,"Miller Meester was selected after a review , managed by Advice and Advisors in New York , that included two advertising agencies in Minneapolis and three in Chicago .",managed,Advice and Advisors,New York,ORG,PER,215-1,215-2, in ,3,"[12, 10, 13, 15]"
216,"Mr. Page , an art director who has also worked at agencies like Ammirati & Puris ; Carmichael Lynch ; Goodby , Berlin & Silverstein ; M&C Saatchi ; and Ogilvy & Mather , is unexpectedly losing his job after only 18 months .",no_relation,Goodby,M&C Saatchi,ORG,ORG,216-1,216-2," , Berlin & Silverstein ; ",3,"[20, 18, 13, 27]"
217,"CBA -- Suspended Kelvin Upshaw , Fort Wayne guard , and Kenny Drummond , Quad City guard , for one game and fined them an undisclosed amount for their roles in an altercation during a game on Jan. 18 .",no_relation,Fort Wayne,Quad City,LOC,MISC,217-1,217-2," guard , and Kenny Drummond , ",5,"[7, 8, 4, 12, 16, 15]"
218,"Mass of Christian Burial on Saturday , 9:30 AM at the Oratory Church of St. Boniface , 109 Willoughby Street , Brooklyn , NY .",no_relation,Oratory Church of St. Boniface,"Brooklyn , NY",ORG,LOC,218-1,218-2," , 109 Willoughby Street , ",6,"[15, 13, 12, 9, 8, 0, 23]"
219,That is a message that Ahlerich will deliver to the N.F.L. owners on Tuesday in Houston at their spring meeting .,no_relation,Ahlerich,Houston,PER,LOC,219-1,219-2, will deliver to the N.F.L. owners on Tuesday in ,3,"[5, 7, 14, 15]"
220,"CACI INTERNATIONAL INC. , Arlington , Va. , said merger talks with Comarco Inc. of Anaheim , Calif. , had ended for the second time this year .",no_relation,Comarco Inc.,"Anaheim , Calif.",ORG,LOC,220-1,220-2, of ,3,"[14, 15, 16, 18]"
221,"LEAD : IN the it-was-only-a-matter-of-time department : this Christmas , Saks Fifth Avenue is selling a glass Christmas ornament by the architect Richard Meier .",selling glass ornament,Saks Fifth Avenue,Richard Meier,ORG,PER,221-1,221-2, is selling a glass Christmas ornament by the architect ,4,"[24, 26, 31, 33, 35]"
222,Tampa Bay lost by 2-1 in Los Angeles on Saturday night in a game in which Valderrama missed a penalty kick .,no_relation,Tampa Bay,Los Angeles,LOC,LOC,222-1,222-2, lost by 2-1 in ,3,"[1, 2, 7, 9]"
223,"Donations made to Mike Hurewitz Scholarship Fund for Journalism Students , C\/O Tom Maginn , Resident Controller , Times Union , Box 15000 , Albany , New York 12210 .",no_relation,Tom Maginn,Times Union,PER,MISC,223-1,223-2," , Resident Controller , ",2,"[13, 16, 19]"
224,"Ms. Stapleford said she took the information and relayed it to Mr. Pfenning and the head of the International Skating Union , the sport 's governing body .",no_relation,Mr. Pfenning,International Skating Union,PER,ORG,224-1,224-2, and the head of the ,3,"[12, 15, 16, 20]"
225,"He said he would take responsibility for a full cease-fire if the Israelis stopped their targeted killings , pulled their tanks and troops back to where they were on Sept. 28 and ended the blockade of the Gaza Strip and of West Bank towns .",no_relation,Gaza Strip,West Bank,LOC,LOC,225-1,225-2, and of ,4,"[40, 37, 42, 45, 44]"
226,"Brooklyn Academy of Music , Howard Gilman Opera House , 30 Lafayette Avenue , at Ashland Place , Fort Greene ; 7:30 p.m. ; $ 20 to $ 45 .",no_relation,Lafayette Avenue,Ashland Place,LOC,LOC,226-1,226-2," , at ",4,"[12, 8, 1, 14, 16]"
227,Devoted father of Martin and Florence Gumer and Errol and Jamie Gumer .,no_relation,Florence Gumer,Jamie Gumer,PER,PER,227-1,227-2, and Errol and ,2,"[6, 8, 11]"
229,"-LRB- The Moon is about 240,000 miles from Earth . -RRB-",no_relation,The Moon,Earth,LOC,LOC,229-1,229-2," is about 240,000 miles from ",3,"[2, 3, 7, 8]"
230,"Armand De Las Cuevas , a Frenchman with Castorama , is third , 8:20 behind .",no_relation,Armand De Las Cuevas,Castorama,PER,ORG,230-1,230-2," , a Frenchman with ",3,"[3, 6, 7, 8]"
231,"SHUTTERS ON THE BEACH 1 Pico Boulevard , Santa Monica , Calif. .",no_relation,BEACH,Calif.,MISC,LOC,231-1,231-2," 1 Pico Boulevard , Santa Monica , ",3,"[3, 6, 9, 11]"
232,"EchoStar , based in Englewood , Colo. , is more willing than others to pick a fight with networks like Lifetime because -- unlike Time Warner Cable , DirecTV and others -- it is not part of a big media conglomerate that also owns programming .",based,EchoStar,Colo.,ORG,LOC,232-1,232-2," , based in Englewood , ",4,"[0, 2, 3, 4, 6]"
233,"Senator Arlen Specter , the Pennsylvania Republican who wrote the House bill with Mr. Wolf , said in an interview , '' It 's not as tough as our bill , but it 's the best compromise we can work out . ''",no_relation,Pennsylvania,House,LOC,LOC,233-1,233-2, Republican who wrote the ,4,"[5, 6, 8, 11, 10]"
234,"In cross-examination , Mr. Lopez 's attorney , Yolanda Barrera , suggested that Mr. Lopez made up everything he told the agent .",attorney,Mr. Lopez,Yolanda Barrera,PER,PER,234-1,234-2," 's attorney , ",2,"[6, 8, 11]"
235,"He zeroed in on Stravinsky , including first American performances of '' The Rite of Spring , '' '' Song of the Nightingale , '' '' Les Noces , '' '' Mavra '' and the '' Symphonies of Wind Instruments . ''",including first performances,Stravinsky,American,PER,LOC,235-1,235-2," , including first ",3,"[4, 6, 9, 8]"
236,"WITH : Anthony Rapp -LRB- David -RRB- , Camryn Manheim -LRB- Gwen -RRB- , Julie Halston -LRB- Julie -RRB- , Joseph Fuqua -LRB- Walter -RRB- , David Courier -LRB- Michael -RRB- , Michael Rupert -LRB- Beau -RRB- , Stephen Spinella -LRB- Hummus Guy -RRB- , John Cameron Mitchell -LRB- Man With Fruit -RRB- , David Drake -LRB- Mark -RRB- , LaChanze -LRB- God Truth -RRB- and Kathleen Chalfant -LRB- Grandmother -RRB- .",no_relation,Michael Rupert,Stephen Spinella,PER,PER,236-1,236-2," -LRB- Beau -RRB- , ",3,"[33, 35, 3, 39]"
237,"Los Angeles Rams Nolan Cromwell , db ; Jim Collins , lb ; Steve Dils , qb ; Mike Guman , rb ; Dale Hatcher , p ; Shawn Miller , dl ; Greg Meisner , dl ; Charles White , rb ; Alvin Wright , nt .",no_relation,Mike Guman,Dale Hatcher,PER,PER,237-1,237-2," , rb ; ",1,"[19, 24]"
238,"One Germany , United by Dreams of Cars and Color TV 's",no_relation,Germany,United by Dreams of Cars,LOC,ORG,238-1,238-2," , ",5,"[1, 3, 4, 5, 6, 7]"
239,"LEAD : At Christ the King Roman Catholic Church in New Vernon , N.J. , Mary Clare Gibbons , a daughter of Mr. and Mrs. James T. Gibbons of Morristown , N.J. , was married yesterday to John Feinstein , a son of Mr. and Mrs. Martin Feinstein of McLean , Va.",no_relation,Morristown,John Feinstein,LOC,PER,239-1,239-2," , N.J. , was married yesterday to ",12,"[29, 28, 27, 21, 20, 17, 11, 9, 8, 33, 34, 36, 38]"
240,"LEAD : WITH President Bush still promising not to raise taxes and to cut the deficit at the same time , members of Congress are eager to see what he will say about Pentagon spending when he appears on Capitol Hill Thursday evening to discuss the budget for 1990 .",no_relation,Congress,Pentagon,MISC,ORG,240-1,240-2, are eager to see what he will say about ,9,"[23, 22, 21, 24, 25, 27, 31, 32, 34, 33]"
241,"IN May 1992 , the United States Military Academy Band came from West Point to inaugurate the Pulvermann Foundation 's twice-a-year free concert series in Rye .",no_relation,United States,Military Academy Band,LOC,ORG,241-1,241-2, ,2,"[6, 8, 9]"
242,"That is , he is Antonello Palombi , the Italian tenor who found himself on the stage of Teatro Alla Scala in Milan in his civvies during a lavish production of Verdi 's '' Aida . ''",no_relation,Verdi,Aida,PER,MISC,242-1,242-2, 's '' ,1,"[31, 34]"
243,"The Orchestre National de France , conducted by Charles Dutoit and with the duo-pianists Valentina Lisitsa and Alexei Keznetsoff as soloists , comes to Tilles Center Saturday under the banner of Friends of the Arts .",no_relation,Valentina Lisitsa,Alexei Keznetsoff,PER,PER,243-1,243-2, and ,1,"[17, 20]"
244,"Worldcom 's stock owners will meet in Jackson , Miss. , MCI 's in South Sioux City , Neb.",no_relation,MCI,"South Sioux City , Neb.",ORG,LOC,244-1,244-2, 's in ,4,"[11, 13, 16, 17, 18]"
245,"Temple Holdings Ltd. , jointly owned by Stena A.B. of Sweden and Tiphook P.L.C. of Britain , said Stena had offered to buy Sea Containers ' Sealink British Ferries unit for $ 430 million and 838,098 Sea Containers shares .",no_relation,Tiphook P.L.C.,Sea Containers ' Sealink British Ferries,ORG,ORG,245-1,245-2," of Britain , said Stena had offered to buy ",9,"[13, 8, 6, 5, 2, 17, 20, 22, 29, 28]"
246,"Families from New York and Colorado , for example , might swap homes for a week or two .",no_relation,New York,Colorado,PER,LOC,246-1,246-2, and ,1,"[3, 5]"
247,"The Jakarta Post , in an editorial today , suggested that Indonesians need to accept Mr. Wahid 's unceremonious style and what it called his '' talent for stepping on people 's toes . ''",no_relation,Indonesians,Mr. Wahid,LOC,PER,247-1,247-2, need to accept ,4,"[11, 12, 14, 19, 16]"
248,"As Terry , Miles Chapin does not appear to have enough balefulness and virulence to expedite insults .",appear appear,Terry,Miles Chapin,PER,PER,248-1,248-2," , ",3,"[1, 0, 7, 4]"
249,"Working as a clinical professor of psychiatry , she became the founder , in 1970 , of the Human Sexuality Program at the Payne Whitney Clinic , one of the country 's most prominent psychiatric clinics and part of the New York Hospital-Cornell Medical Center complex .",no_relation,Human Sexuality Program,Payne Whitney Clinic,ORG,LOC,249-1,249-2, at the ,2,"[20, 21, 25]"
250,"At the same time , partial deregulation of international air travel in the late 1970 's has allowed more of T.W.A. 's and Pan Am 's domestic competitors to offer direct service to foreign cities .",no_relation,T.W.A.,Pan Am,ORG,ORG,250-1,250-2, 's and ,2,"[20, 27, 24]"
251,"Kenny Barron Quintet , Weill Recital Hall -LRB- 741-3949 -RRB- .",no_relation,Kenny Barron Quintet,Weill Recital Hall,PER,ORG,251-1,251-2," , ",1,"[2, 6]"
252,"Mr. Berry , a real-estate appraiser in New York , graduated from the Buckley and Choate Schools and the University of Pennsylvania .",real-estate appraiser,Mr. Berry,New York,PER,PER,252-1,252-2," , a real-estate appraiser in ",3,"[1, 7, 8, 10]"
253,"Susan Alberta Horst , the daughter of Alice A. Horst of Windsor , Conn. , and John C. Horst of Port Jervis , N.Y. , was married yesterday to Dr. Robert Michael Morelli , the son of Dr. and Mrs. Ondino A. Morelli of Rye , N.Y.",son,Dr. Robert Michael Morelli,Mrs. Ondino A. Morelli,PER,PER,253-1,253-2," , the son of Dr. and ",4,"[32, 35, 36, 37, 42]"
254,"While Mr. Rosenberg 's Windows laptop and Microsoft 's Windows Media software were crucial in getting the station on the air , the Apple hardware and software let the D.J. 's serve up an eclectic mix of funk , rock , jazz , folk and electronic music .",no_relation,Windows laptop,Windows Media,MISC,MISC,254-1,254-2, and Microsoft 's ,3,"[5, 12, 11, 10]"
255,"In America , you had pro-slavery Southerners who said that other human beings did not have full value .",had,America,Southerners,LOC,LOC,255-1,255-2," , you had pro-slavery ",3,"[1, 0, 4, 8]"
256,"AT the end of his autobiography , '' See You at the Movies , '' Melvyn Douglas writes , '' A performer of ancient Greece , Polus of Aegina , is supposed to have brought a funeral urn containing the ashes of his son on stage to more effectively portray a scene of mourning . ''",no_relation,Polus,Aegina,PER,LOC,256-1,256-2, of ,2,"[26, 27, 28]"
257,"According to MGM\/UA , when the company received a number of offers in March , it considered only two - from Qintex and Fox .",no_relation,Qintex,Fox,ORG,ORG,257-1,257-2, and ,1,"[21, 23]"
258,"ABC has commissioned a roster of the most famous playwrights in the United States , including Neil Simon , Arthur Miller , David Mamet , Wendy Wasserstein and August Wilson , to create original plays that will draw on the theme of the coming millennium , the network announced yesterday .",no_relation,Wendy Wasserstein,Wilson,PER,PER,258-1,258-2, and August ,1,"[26, 29]"
259,"After the strange doings of Stephen Sondheim and James Lapine 's '' Passion , '' no romance could be too eccentric for the musical theater , and certainly not that in '' After the Fair , '' a chamber musical adapted from a Thomas Hardy short story about a frustrated Englishwoman who plays Cyrano de Bergerac to an illiterate serving girl and the educated man they both love .",no_relation,Stephen Sondheim,James Lapine,PER,PER,259-1,259-2, and ,2,"[6, 12, 9]"
260,Wyatt Mason received this year 's National Magazine Award for Reviews and Criticism .,received,Wyatt Mason,National Magazine Award for Reviews and Criticism,PER,ORG,260-1,260-2, received this year 's ,5,"[1, 2, 8, 9, 10, 12]"
261,Loving mother of Frederick P. Siegal and his wife Marta and Marian Krauskopf & her husband Jack .,no_relation,Marta,Marian Krauskopf,PER,PER,261-1,261-2, and ,1,"[9, 12]"
262,Beloved wife of the late David .,wife,Beloved,David,MISC,MISC,262-1,262-2, wife of the late ,3,"[0, 1, 2, 5]"
263,"The pity is that RCA presumably considers that it has done its duty to Mr. Bream , and the set is unlikely to be redone properly .",no_relation,RCA,Mr. Bream,ORG,PER,263-1,263-2, presumably considers that it has done its duty to ,4,"[4, 6, 10, 13, 15]"
265,"Daschle , S.D.",no_relation,Daschle,S.D.,PER,LOC,265-1,265-2," , ",2,"[0, 1, 2]"
266,"Trimble Re-elected in Ulster The moderate Protestant leader , David Trimble , overcame hard-line Protestant opposition and was re-elected first minister of the Northern Ireland Assembly , which shares power between Catholics and Protestants .",Re-elected,Trimble,Ulster,PER,MISC,266-1,266-2, Re-elected in ,5,"[0, 3, 4, 9, 6, 5]"
267,"LEAD : Deborah Leigh Spring , a daughter of Mr. and Mrs. Bernard Polmer Spring of Boston , was married yesterday to David Charles Cushing , a son of Mr. and Mrs. Thomas William Cushing of Far Hills , N.J.",no_relation,Deborah Leigh Spring,Mrs. Bernard Polmer,PER,PER,267-1,267-2," , a daughter of Mr. and ",4,"[4, 7, 8, 14, 13]"
269,"Persistent reports that ethnic Albanians were abusing Serbs in Kosovo gave the intiative powerful popular appeal among Mr. Milosevic 's constituents , who still think of Kosovo as a place of Serbian legends and monuments .",abusing Serbs,Albanians,Kosovo,NONE,LOC,269-1,269-2, were abusing Serbs in ,3,"[4, 6, 8, 9]"
270,"Nancy Laurel Maron , a daughter of Judith and David Maron of Englewood , N.J. , is to be married today to William Edward Schaeffer , the son of Dr. Michaela Kane Schaeffer and Dr. Henry Schaeffer of Brooklyn .",no_relation,Englewood,N.J.,LOC,LOC,270-1,270-2," , ",1,"[12, 14]"
271,"Her time of 2 hours 27 minutes 37 seconds was more than 2 minutes ahead of Madina Biktagirova -LRB- 2:30:00 -RRB- of Belarus and Anne Marie Letko -LRB- 2:30:19 -RRB- of Glen Gardner , N.J.",no_relation,Anne Marie Letko,Glen Gardner,PER,PER,271-1,271-2, -LRB- 2:30:19 -RRB- of ,5,"[26, 22, 21, 19, 30, 32]"
272,"Chicago Will Be Boeing 's New Home After weeks of negotiations since it said it was leaving Seattle , Boeing chose Chicago over Dallas and Denver as its new home .",chose,Boeing,Chicago,ORG,LOC,272-1,272-2,,3,"[3, 6, 2, 0]"
273,"President Milosovic has called on the Bosnian Serb leader to step aside , but his will and ability to oust Dr. Karadzic are uncertain .",no_relation,Milosovic,Bosnian Serb,PER,LOC,273-1,273-2, has called on the ,4,"[1, 3, 4, 8, 7]"
274,"Unlike CBS 's loving caress of the Masters each April , coverage of Olympic golf would almost surely be taped , cut and pieced together in a series of highlights .",no_relation,Masters,Olympic,MISC,MISC,274-1,274-2," each April , coverage of ",8,"[7, 5, 4, 0, 19, 11, 12, 14, 13]"
275,"Mrs. Clinton , who won the Senate race in New York in 2000 , received $ 91,000 from the Kushner family and partnerships , while Mr. Gore received $ 66,000 for his presidential campaign that year .",no_relation,Kushner,Mr. Gore,PER,PER,275-1,275-2," family and partnerships , while ",5,"[19, 20, 17, 14, 27, 26]"
276,"Ruth Herzberg , the branch manager , boasted about the skills Claudia was learning , taking no note of her poor posture .",no_relation,Ruth Herzberg,Claudia,PER,PER,276-1,276-2," , the branch manager , boasted about the skills ",5,"[1, 7, 8, 10, 13, 11]"
277,"At the end of the summer , Mr. Fortier said , he received a letter from Mr. McVeigh , who was traveling to gun shows , in which '' Tim told me that him and Terry Nichols had decided to take some type of positive offensive action .",no_relation,Mr. Fortier,Mr. McVeigh,PER,PER,277-1,277-2," said , he received a letter from ",5,"[8, 9, 12, 14, 15, 17]"
278,"The premise : There is credible evidence that a 2,000-year-old tomb in the Talpiot neighborhood of Jerusalem once held the remains of Jesus of Nazareth and his family -- including his wife , Mary Magdalene , and son , Judah .",no_relation,Nazareth,Mary Magdalene,LOC,PER,278-1,278-2," and his family -- including his wife , ",7,"[26, 25, 24, 23, 22, 31, 33, 36]"
279,"Yesterday , John J. Murphy , of Cherry Hill , N.J. , a lawyer for 13 of the former detainees , said the settlement avoided a long and costly trial .",said said,John J. Murphy,N.J.,PER,LOC,279-1,279-2," , of Cherry Hill , ",3,"[4, 6, 8, 10]"
280,"His father , Joseph Sr. , was at first certain that Private Anzack did not have a tattoo .",no_relation,Joseph Sr.,Anzack,PER,PER,280-1,280-2," , was at first certain that Private ",6,"[5, 1, 7, 8, 10, 16, 13]"
281,"Because of the lawsuit , which was brought by a consortium of insurance companies and trade associations , the regulation against HIV testing never actually took effect in New York , which has the country 's largest population of AIDS patients .",no_relation,New York,AIDS,LOC,MISC,281-1,281-2," , which has the country 's largest population of ",5,"[29, 32, 37, 38, 40, 39]"
282,"Mr. Robbins built hundreds of units in Poughkeepsie , N.Y. , and on Governors Island in New York Harbor .",no_relation,Poughkeepsie,N.Y.,LOC,LOC,282-1,282-2," , ",1,"[7, 9]"
284,"Autobytel has 3,000 dealers that pay monthly to have Autobytel customers shop on line with them .",no_relation,Autobytel,Autobytel,ORG,ORG,284-1,284-2,,0,[0]
285,Acquired RHP Chad Blackwell from Kansas City and RHP Clayton Hamilton from San Diego to complete earlier trades .,Acquired,RHP Chad Blackwell,San Diego,PER,MISC,285-1,285-2, from Kansas City and RHP Clayton Hamilton from ,2,"[3, 11, 13]"
286,Reassigned RHP Rick White and RHP Doug Nickle to minor league camp .,no_relation,RHP Rick White,Doug Nickle,PER,PER,286-1,286-2, and RHP ,1,"[3, 7]"
287,"Despite Mr. Huston 's hospitalization , his presence filled the 1743 Colony House , where the movie 's penultimate scene was filmed yesterday .",no_relation,Mr. Huston,Colony House,PER,LOC,287-1,287-2," 's hospitalization , his presence filled the 1743 ",4,"[2, 4, 0, 8, 12]"
288,"For Hopewell to get the total purchase price from Southern , Consolidated Electric must be able to complete a $ 1.8 billion construction project for two plants in Indonesia .",no_relation,Hopewell,Consolidated Electric,ORG,ORG,288-1,288-2," to get the total purchase price from Southern , ",3,"[1, 3, 14, 12]"
289,"Ilona , of Ilona Skincare Institute on Park Avenue , says males make up about 30 percent of her New York clientele .",no_relation,Ilona,Ilona Skincare Institute,MISC,ORG,289-1,289-2," , of ",2,"[0, 2, 5]"
290,"But because of their position against the Mulroney legislation , New Democrat officials here have been urging Mr. Rae to try to seek other solutions .",no_relation,Mulroney,New Democrat,PER,ORG,290-1,290-2," legislation , ",7,"[7, 8, 5, 4, 1, 16, 12, 11]"
292,"This means that the United States will play tit for tat with countries - notably Japan , Korea , Taiwan and the big traders of Europe - that have grown and prospered through largely unfettered access to the American market while blocking access to much of theirs .",no_relation,Taiwan,Europe,LOC,LOC,292-1,292-2, and the big traders of ,3,"[19, 23, 24, 25]"
293,"Dr. Barker is survived by two daughters , Barbara B. Friede , of Piedmont , Calif. , and Elizabeth F. Mark , of Lexington , Mass. ; a son , Robert H. , of Camino , Calif. ; and four grandchildren .",no_relation,Elizabeth F. Mark,Lexington,PER,LOC,293-1,293-2," , of ",2,"[20, 22, 23]"
295,"'' My dad has been a cop 35 years and he 's never heard of such a thing , '' said Dr. Putman , whose father is a New York State Trooper .",no_relation,Dr. Putman,New York,PER,LOC,295-1,295-2," , whose father is a ",3,"[22, 26, 31, 29]"
296,"At some point in 1998 , Dr. Korniss discussed his frustration with Zoltan Toroczkai , who had been a classmate at Virginia Polytechnic Institute .",discussed frustration,Dr. Korniss,Zoltan Toroczkai,PER,PER,296-1,296-2, discussed his frustration with ,4,"[7, 8, 10, 11, 13]"
297,"In a state of hyperactive bliss , I went home and looked up Charles Dickens 's equally hyperactive and astonished description of the great 19th-century black tap dancer William Henry Lane , known as Master Juba .",known,William Henry Lane,Master Juba,PER,MISC,297-1,297-2," , known as ",3,"[32, 34, 35, 37]"
298,"Willi Wapenhans , the World Bank 's vice president for Europe , the Middle East and North Africa , said that a quarter of the money pledged would be in the form of grants .",vice president,Willi Wapenhans,Europe,PER,LOC,298-1,298-2," , the World Bank 's vice president for ",3,"[1, 8, 9, 10]"
299,"-LRB- AP -RRB- Teen-agers Win : Stephanie Rehe and Melissa Gurney , 17-year-old Californians , got off to winning starts yesterday in the first round of the $ 150,000 Virginia Slims of California tournament in San Francisco .",got got,Stephanie Rehe,Melissa Gurney,PER,PER,299-1,299-2, and ,1,"[9, 12]"
